instance,kcs
drill/shoulder,K01;K03
drill/elbow,K02
drill/move,K04
drill/jump,K05
drill/air_jump,K05;K06
drill/stand,K07
drill/dodge,K08
drill/roll,K08;K09
drill/air_dodge,K06;K08;K10
drill/cooldown,K08;K11
drill/cut,K01;K02;K13
drill/block,K01;K12
drill/plant,K02;K17
drill/swing,K01;K16
drill/ink,K13;K15
fight/scarecrow,K01;K02;K04;K13;K14;I1
fight/thresher,K04;K13;K19;S1;I1;I2
fight/courier,K04;K29;K08;K09;K19;I2
fight/drover,K05;K23;K12;K13;I2
fight/sampler,K19;K26;S1;I2
fight/salt_trader,K08;K11;K25;K19;I2
fight/lamplighter,K23;K25;K19;K12;I2
fight/ferryman,K02;K18;K19;I2
fight/cooper,K20;K19;K07;K09;I2
fight/windmill,K12;K22;K16;I2
fight/ropewalker,K12;K30;K20;K06;I2
fight/smith,K20;K17;K06;K19;K07;I2
fight/bellringer,K22;K12;K08;K19;I2
fight/gatekeeper,K12;K21;K02;I2
fight/reader,K27;K28;K19;I2
fight/dyer,K23;K05;K24;K08;I2
fight/potter,K19;K15;K32;K14;I2
fight/carpenter,K17;K20;I2
fight/mason,K15;K29;I2
fight/weaver,K25;K08;K22;I2
fight/falconer,K30;K20;K06;I2
fight/boatwright,K19;K29;I2
fight/brewer,K23;K05;I2
fight/herbalist,K24;K14;K15;I2
fight/cartographer,K27;K28;I2
fight/magistrate,K24;K29;K08;I2
fight/abbot,K23;K24;I2
fight/warden,K20;K17;K24;I2
fight/hermit,K29;K31;K06;K24;I2
fight/tanner,K28;K12;I2
fight/watchman,K23;K24;K28;I2
fight/archivist,K24;K14;K28;I2
fight/vaulter,K20;K17;K30;I2
